Image_Description,Link,Article_Title,Article_URL
Anonymous has claimed cyber attacks on Russian media and state websites in retaliation for the country's invasion of Ukraine,https://static.euronews.com/articles/stories/06/51/10/06/210x136_cmsv2_8851612a-3aad-5429-9e31-ef102fd5782f-6511006.jpg,Ukraine war: What part is hackers’ collective Anonymous playing in the war effort against Russia?,https://www.euronews.com/next/2022/02/28/ukraine-war-what-part-is-hackers-collective-anonymous-playing-in-the-war-effort-against-ru
Euronews,https://static.euronews.com/articles/stories/06/51/10/06/534x340_cmsv2_b771e6c4-6a79-5b5d-9559-47e9277ebd61-6511006.jpg,Ukraine war: What part is hackers’ collective Anonymous playing in the war effort against Russia?,https://www.euronews.com/next/2022/02/28/ukraine-war-what-part-is-hackers-collective-anonymous-playing-in-the-war-effort-against-ru
"As well as protecting against cyberattacks, Ukraine's 'IT army' would also target Russian cyberspace.",https://static.euronews.com/articles/stories/06/50/69/68/210x136_cmsv2_11ccd1a4-14ca-5cbd-967e-35e5c7d35ed1-6506968.jpg,Ukraine war: Ukrainians announce the launch of an 'IT army' to fight off Russian cyberattacks,https://www.euronews.com/next/2022/02/26/ukraine-war-ukrainians-announce-the-launch-of-an-it-army-to-fight-off-russian-cyberattacks
Cyber attacks can disrupt essential services and can undermine national security.,https://static.euronews.com/articles/stories/06/50/10/56/210x136_cmsv2_52688efb-d797-5bd7-9d26-055f92e7f2a6-6501056.jpg,Is Russia using cyberattacks in the war with Ukraine and could sanctions provoke more of them?,https://www.euronews.com/next/2022/02/24/russia-is-using-cyberattacks-in-the-war-with-ukraine-and-sanctions-may-increase-them
"The cyberattack affected state-owned banks and ATM services, as well as government websites.",https://static.euronews.com/articles/stories/06/47/99/02/210x136_cmsv2_da78f379-d08b-5611-99c3-6fe9126bdc32-6479902.jpg,Ukraine's defence ministry and two banks targeted in cyberattack,https://www.euronews.com/my-europe/2022/02/15/ukraine-s-defence-ministry-and-two-banks-targeted-in-cyberattack
Anonymous has claimed cyber attacks on Russian media and state websites in retaliation for the country's invasion of Ukraine,https://static.euronews.com/articles/stories/06/51/10/06/210x136_cmsv2_8851612a-3aad-5429-9e31-ef102fd5782f-6511006.jpg,Ukraine war: What part is hackers’ collective Anonymous playing in the war effort against Russia?,https://www.euronews.com/next/2022/02/28/ukraine-war-what-part-is-hackers-collective-anonymous-playing-in-the-war-effort-against-ru
Euronews,https://static.euronews.com/articles/stories/06/51/10/06/534x340_cmsv2_b771e6c4-6a79-5b5d-9559-47e9277ebd61-6511006.jpg,Ukraine war: What part is hackers’ collective Anonymous playing in the war effort against Russia?,https://www.euronews.com/next/2022/02/28/ukraine-war-what-part-is-hackers-collective-anonymous-playing-in-the-war-effort-against-ru
European Parliament votes to strengthen EU-wide cybersecurity rules,https://static.euronews.com/articles/stories/06/18/17/70/320x212_cmsv2_9aae16a3-9d58-5dae-b046-fa5f78a9e96b-6181770.jpg,European Parliament votes to strengthen EU-wide cybersecurity rules,https://www.euronews.com/my-europe/2021/10/28/european-parliament-votes-to-strengthen-eu-wide-cybersecurity-rules
The OMON base in Minsk's 120th Division Heroes Street that cyber-activists claim to have attacked with a drone,https://static.euronews.com/articles/stories/06/14/22/00/320x212_cmsv2_74142201-08d1-54f0-81db-15c7820041c8-6142200.jpg,Belarusian hacktivists claim drone attack on riot police base in Minsk,https://www.euronews.com/2021/10/13/belarusian-hacktivists-claim-drone-attack-on-riot-police-base-in-minsk
AP,https://static.euronews.com/articles/stories/06/14/22/00/808x539_cmsv2_2a86a751-c046-59c3-be25-1d662e55e92c-6142200.jpg,Belarusian hacktivists claim drone attack on riot police base in Minsk,https://www.euronews.com/2021/10/13/belarusian-hacktivists-claim-drone-attack-on-riot-police-base-in-minsk
Busly Latsyats,https://static.euronews.com/articles/stories/06/14/22/00/808x608_cmsv2_cd61ecd8-8df6-560c-9e83-7e19c1e96117-6142200.jpg,Belarusian hacktivists claim drone attack on riot police base in Minsk,https://www.euronews.com/2021/10/13/belarusian-hacktivists-claim-drone-attack-on-riot-police-base-in-minsk
Mindaugas Kulbis/AP,https://static.euronews.com/articles/stories/06/14/22/00/808x539_cmsv2_c80abffb-aa93-5d94-a813-3586872000e0-6142200.jpg,Belarusian hacktivists claim drone attack on riot police base in Minsk,https://www.euronews.com/2021/10/13/belarusian-hacktivists-claim-drone-attack-on-riot-police-base-in-minsk
Busly Latsyats,https://static.euronews.com/articles/stories/06/14/22/00/808x535_cmsv2_5ffbe73a-06d3-5995-b80f-8c42977085a1-6142200.jpg,Belarusian hacktivists claim drone attack on riot police base in Minsk,https://www.euronews.com/2021/10/13/belarusian-hacktivists-claim-drone-attack-on-riot-police-base-in-minsk
"This picture shows the Microsoft logo at the International Cybersecurity Forum (FIC) in Lille on January 28, 2020.",https://static.euronews.com/articles/stories/06/13/53/82/320x212_cmsv2_f180307b-2f26-5731-b42b-bf056a51524f-6135382.jpg,"More than half of state-backed cyberattacks have come from Russia, according to Microsoft",https://www.euronews.com/next/2021/10/08/more-than-half-of-state-backed-cyberattacks-have-come-from-russia-according-to-microsoft
"Microsoft Digital Defence report, 2021",https://static.euronews.com/articles/stories/06/13/53/82/808x442_cmsv2_4b9fa089-0cb4-5e2c-a8eb-c8a1495822d3-6135382.jpg,"More than half of state-backed cyberattacks have come from Russia, according to Microsoft",https://www.euronews.com/next/2021/10/08/more-than-half-of-state-backed-cyberattacks-have-come-from-russia-according-to-microsoft
"Microsoft Digital Defence report, 2021",https://static.euronews.com/articles/stories/06/13/53/82/808x444_cmsv2_7ec3a335-9a8d-53e5-96b9-ad8ef89e0662-6135382.jpg,"More than half of state-backed cyberattacks have come from Russia, according to Microsoft",https://www.euronews.com/next/2021/10/08/more-than-half-of-state-backed-cyberattacks-have-come-from-russia-according-to-microsoft
Josep Borrell issued a statement condemning the actions of hackers based in China on Monday,https://static.euronews.com/articles/stories/05/89/32/76/320x212_cmsv2_bd10a06a-02bd-5770-8331-b50c223fd464-5893276.jpg,"Microsoft Exchange email hack came from China, say EU and US",https://www.euronews.com/next/2021/07/19/microsoft-exchange-email-hack-came-from-china-say-eu-and-us
"President Joe Biden speaks about the American troop withdrawal from Afghanistan, in the East Room of the White House, July 8, 2021.",https://static.euronews.com/articles/stories/05/85/92/46/320x212_cmsv2_130f4656-4413-5d24-a6f8-4b4fe0001f6c-5859246.jpg,Biden tells Putin Russia must crack down on cybercriminals,https://www.euronews.com/2021/07/09/biden-tells-putin-russia-must-crack-down-on-cybercriminals
An email marketing account belonging to the U.S. Agency for International Development was compromised in the attack.,https://static.euronews.com/articles/stories/05/70/96/82/320x212_cmsv2_31e998ca-f900-5455-8c5c-484783212ef7-5709682.jpg,U.S. government and aid agencies targeted by cyberattack attributed to Russia by Microsoft,https://www.euronews.com/2021/05/29/u-s-government-and-aid-agencies-targeted-by-cyberattack-attributed-to-russia-by-microsoft
"A Toyota Hybrid during a test for hackers at the Cybersecurity Conference in Lille, northern France, Wednesday Jan. 29, 2020",https://static.euronews.com/articles/stories/05/63/18/28/320x212_cmsv2_b37286f8-fced-5858-95a3-b9e815389412-5631828.jpg,Cybercrime: Insurance giant Axa to stop covering ransomware payments in France,https://www.euronews.com/2021/05/07/cybercrime-insurance-giant-axa-to-stop-covering-ransomware-payments-in-france
Belgium's Federal Parliament was forced to cancel committee meetings due to the hack.,https://static.euronews.com/articles/stories/05/62/32/80/320x212_cmsv2_9d6f961c-2c46-5806-ae3c-9a9cbfab7874-5623280.jpg,Belgium's parliament and universities hit by cyber attack,https://www.euronews.com/2021/05/05/belgium-s-parliament-and-universities-hit-by-cyber-attack
"The North West hospital in Villefranche-sur-Saône, France, announced on Monday, 15 February 2021 that it had been targeted by a large-scale cyberattack.",https://static.euronews.com/articles/stories/05/38/18/82/320x212_cmsv2_4ce7a2eb-44a0-554b-a4e6-da45150ba462-5381882.jpg,Several French hospitals crippled by cyberattacks,https://www.euronews.com/2021/02/16/several-french-hospitals-crippled-by-cyberattacks
The FBI seal is seen before a news conference at FBI headquarters in Washington,https://static.euronews.com/articles/stories/05/25/98/58/320x212_cmsv2_498a7068-dfe1-53cb-b619-498d5e74f61c-5259858.jpg,"Russia likely behind huge hack on US government, say security services",https://www.euronews.com/2021/01/06/russia-likely-behind-huge-hack-on-us-government-say-security-services
Norwegian Foreign Minister Ine Eriksen Soreide addressed the media in Oslo on Tuesday.,https://static.euronews.com/articles/stories/05/05/92/70/320x212_cmsv2_caab66ea-307a-5404-b9fd-2a91d801867d-5059270.jpg,Norway accuses Russia of being behind a cyber-attack on Parliament,https://www.euronews.com/2020/10/14/norway-accuses-russia-of-being-behind-a-cyber-attack-on-parliament
Cyber Polygon looks at ways to forge a secure digital future,https://static.euronews.com/articles/stories/04/81/66/98/320x212_cmsv2_2fd8cd25-4713-5137-bc1e-79e5f1e6b78b-4816698.jpg,Cyber Polygon looks at ways to forge a secure digital future,https://www.euronews.com/next/2020/07/15/cyber-polygon-looks-at-ways-to-forge-a-secure-digital-future
,https://static.euronews.com/articles/stories/04/81/66/98/808x539_cmsv2_7f969643-db49-503f-9951-316132a189fc-4816698.jpg,Cyber Polygon looks at ways to forge a secure digital future,https://www.euronews.com/next/2020/07/15/cyber-polygon-looks-at-ways-to-forge-a-secure-digital-future
,https://static.euronews.com/articles/stories/04/81/66/98/808x454_cmsv2_79dc5046-efe9-58bb-91d2-1f04baa592a8-4816698.jpg,Cyber Polygon looks at ways to forge a secure digital future,https://www.euronews.com/next/2020/07/15/cyber-polygon-looks-at-ways-to-forge-a-secure-digital-future
,https://static.euronews.com/articles/stories/04/81/66/98/808x539_cmsv2_ed5d5706-d720-5ee2-a799-373dc51b2218-4816698.jpg,Cyber Polygon looks at ways to forge a secure digital future,https://www.euronews.com/next/2020/07/15/cyber-polygon-looks-at-ways-to-forge-a-secure-digital-future
,https://static.euronews.com/articles/stories/04/81/66/98/808x539_cmsv2_c6dafa52-50e4-5404-9b7e-4ed6a6fbad5d-4816698.jpg,Cyber Polygon looks at ways to forge a secure digital future,https://www.euronews.com/next/2020/07/15/cyber-polygon-looks-at-ways-to-forge-a-secure-digital-future
euronews,https://static.euronews.com/articles/1116721/320x212_1116721.jpg,UAE authorities tackle rising cybercrime during COVID-19 pandemic,https://www.euronews.com/2020/06/05/uae-authorities-tackle-rising-cybercrime-during-covid-19-pandemic
,https://static.euronews.com/articles/stories/04/68/84/86/808x454_cmsv2_89969b54-28e0-529e-86c2-e3d3f4998b06-4688486.jpg,UAE authorities tackle rising cybercrime during COVID-19 pandemic,https://www.euronews.com/2020/06/05/uae-authorities-tackle-rising-cybercrime-during-covid-19-pandemic
,https://static.euronews.com/articles/stories/04/68/84/86/808x454_cmsv2_9a0c3c08-4d71-5a80-b353-43d45889206f-4688486.jpg,UAE authorities tackle rising cybercrime during COVID-19 pandemic,https://www.euronews.com/2020/06/05/uae-authorities-tackle-rising-cybercrime-during-covid-19-pandemic
,https://static.euronews.com/articles/stories/04/68/84/86/808x454_cmsv2_5784b10e-b41f-5e5c-9c92-d4435badcd8b-4688486.jpg,UAE authorities tackle rising cybercrime during COVID-19 pandemic,https://www.euronews.com/2020/06/05/uae-authorities-tackle-rising-cybercrime-during-covid-19-pandemic
euronews,https://static.euronews.com/articles/stories/04/68/84/90/320x212_cmsv2_3cfdc120-d97f-50c7-a06e-6056eb698063-4688490.jpg,How to dodge cybercriminals & hackers during the COVID-19 pandemic?,https://www.euronews.com/2020/06/05/how-to-dodge-cybercriminals-hackers-during-the-covid-19-pandemic
,https://static.euronews.com/articles/stories/04/68/84/90/808x454_cmsv2_49a092d9-02f6-542c-bcfd-4512234f5b24-4688490.jpg,How to dodge cybercriminals & hackers during the COVID-19 pandemic?,https://www.euronews.com/2020/06/05/how-to-dodge-cybercriminals-hackers-during-the-covid-19-pandemic
,https://static.euronews.com/articles/stories/04/68/84/90/808x454_cmsv2_d79e27a5-1e11-5883-8f63-43e934764702-4688490.jpg,How to dodge cybercriminals & hackers during the COVID-19 pandemic?,https://www.euronews.com/2020/06/05/how-to-dodge-cybercriminals-hackers-during-the-covid-19-pandemic
Quantum tech promises 'unhackable' phones and super-secure networks,https://static.euronews.com/articles/stories/04/04/54/30/320x212_cmsv2_9bf620c7-490d-581d-871d-c4eb252d6b30-4045430.jpg,Quantum tech promises 'unhackable' phones and super-secure networks,https://www.euronews.com/next/2019/07/29/quantum-tech-promises-unhackable-phones-and-super-secure-networks
,https://static.euronews.com/articles/stories/04/04/54/22/606x456_cmsv2_0937ea48-7519-5e17-8ad2-6cf3a60ef35d-4045422.jpg,Quantum tech promises 'unhackable' phones and super-secure networks,https://www.euronews.com/next/2019/07/29/quantum-tech-promises-unhackable-phones-and-super-secure-networks
,https://static.euronews.com/articles/stories/04/04/54/22/606x456_cmsv2_f8ba4e6b-f7d3-5ce3-94d5-c10bf1a5c871-4045422.jpg,Quantum tech promises 'unhackable' phones and super-secure networks,https://www.euronews.com/next/2019/07/29/quantum-tech-promises-unhackable-phones-and-super-secure-networks
,https://static.euronews.com/articles/stories/04/04/54/22/534x712_cmsv2_6820eabc-6a33-541d-84a5-ac7aa9300f9e-4045422.jpg,Quantum tech promises 'unhackable' phones and super-secure networks,https://www.euronews.com/next/2019/07/29/quantum-tech-promises-unhackable-phones-and-super-secure-networks
,https://static.euronews.com/articles/library/11/14/728/93/111411b86ae72801f60e9e117e3c0d9355f6aed2d264/1920x1080_cmsv2_c4f580da-2a7d-5adf-b403-934929ef8cb9-111411b86ae72801f60e9e117e3c0d9355f6aed2d264.jpg,Quantum tech promises 'unhackable' phones and super-secure networks,https://www.euronews.com/next/2019/07/29/quantum-tech-promises-unhackable-phones-and-super-secure-networks
,https://static.euronews.com/articles/library/11/25/45/561/1114f87c69e254500eb0a449c180a23ba56148e98bb4/1920x1080_cmsv2_6cae3163-fe8d-55e6-abf9-c6c3a11a4cb4-1114f87c69e254500eb0a449c180a23ba56148e98bb4.jpg,Quantum tech promises 'unhackable' phones and super-secure networks,https://www.euronews.com/next/2019/07/29/quantum-tech-promises-unhackable-phones-and-super-secure-networks
,https://static.euronews.com/articles/library/11/05/80/327/30/001/1114cee4e7cc04af20ce058075d3273092cb6fc00155/1920x1080_cmsv2_7a2cc25e-a3a2-508e-9995-193c28812ef0-1114cee4e7cc04af20ce058075d3273092cb6fc00155.jpg,Quantum tech promises 'unhackable' phones and super-secure networks,https://www.euronews.com/next/2019/07/29/quantum-tech-promises-unhackable-phones-and-super-secure-networks
,https://static.euronews.com/articles/library/11/19/78/1114e06c31adc8f66b5c197820f87d5ab5a31e339e79/1920x1080_cmsv2_7d5a2cf5-069e-5b79-92dc-d3d4de11f404-1114e06c31adc8f66b5c197820f87d5ab5a31e339e79.jpg,Quantum tech promises 'unhackable' phones and super-secure networks,https://www.euronews.com/next/2019/07/29/quantum-tech-promises-unhackable-phones-and-super-secure-networks
,https://static.euronews.com/articles/library/11/14/27/111499ea5b29ee08e46a282c2797eb4b0cf716efb164/1920x1080_cmsv2_368199a3-3c3c-58b9-94a6-db028340a376-111499ea5b29ee08e46a282c2797eb4b0cf716efb164.jpg,Quantum tech promises 'unhackable' phones and super-secure networks,https://www.euronews.com/next/2019/07/29/quantum-tech-promises-unhackable-phones-and-super-secure-networks
,https://static.euronews.com/articles/library/11/14/86/514/12/749/000/11148654e51431f1258d74994e5fef00054e817d6ddd/1920x1080_cmsv2_a5ba0eaa-eff1-576f-93f9-f09a8f063c48-11148654e51431f1258d74994e5fef00054e817d6ddd.jpg,Quantum tech promises 'unhackable' phones and super-secure networks,https://www.euronews.com/next/2019/07/29/quantum-tech-promises-unhackable-phones-and-super-secure-networks
,https://static.euronews.com/articles/library/11/17/13/06/1114c55cabff84c171366c65be89be956fddee0639f0/1920x1080_cmsv2_3b28f6b4-36e3-5357-9d55-fdaff169e867-1114c55cabff84c171366c65be89be956fddee0639f0.jpg,Quantum tech promises 'unhackable' phones and super-secure networks,https://www.euronews.com/next/2019/07/29/quantum-tech-promises-unhackable-phones-and-super-secure-networks
"The Brief: EU Cybersecurity Act goes into effect, air quality regulations",https://static.euronews.com/articles/stories/03/98/64/60/320x212_cmsv2_73b4548c-a7aa-5010-bcaf-455d6f7c2a54-3986460.jpg,"The Brief: EU Cybersecurity Act goes into effect, air quality regulations",https://www.euronews.com/my-europe/2019/06/27/the-brief-eu-cybersecurity-act-goes-into-effect-air-quality-regulations
Facebook just took down two disinformation networks linked to Russia,https://static.euronews.com/articles/stories/03/59/22/56/320x212_cmsv2_0bd85373-fd4d-56be-a69e-06fc0892854e-3592256.jpg,Facebook just took down two disinformation networks linked to Russia,https://www.euronews.com/2019/01/17/facebook-just-took-down-two-disinformation-networks-linked-to-russia
Challenges and opportunities of Africa's digital revolution [Inspire Africa],https://static.euronews.com/articles/588917/320x212_588917.jpg,Challenges and opportunities of Africa's digital revolution [Inspire Africa],https://www.euronews.com/2018/11/12/the-challenges-and-opportunities-of-the-africa-s-digital-revolution-inspire
Russian President Vladimir Putin visits GRU headquarters in Moscow,https://static.euronews.com/articles/stories/03/35/67/70/320x212_cmsv2_d26711d1-2c7e-584d-8336-918e04370c7f-3356770.jpg,Tensions still high between Russia and West over cyber attacks,https://www.euronews.com/2018/10/06/tensions-still-high-between-russia-and-west-over-cyber-attacks
Europe briefing: 5 stories to know about today,https://static.euronews.com/articles/stories/03/35/86/42/320x212_cmsv2_c81b7f2b-367f-559d-a7c4-8fe49fb3dd56-3358642.jpg,Europe briefing: 5 stories to know about today,https://www.euronews.com/2018/10/05/live-russia-cyber-attack-claims-fbi-deadline-and-nobel-peace-prize
"President Putin visits GRU military intelligence HQ, Moscow, November 2006",https://static.euronews.com/articles/stories/03/35/67/16/320x212_cmsv2_ecad9381-1d84-53ec-a942-81e1431eb682-3356716.jpg,UK blames Kremlin for ‘reckless’ cyber attacks,https://www.euronews.com/2018/10/04/uk-blames-kremlin-for-reckless-cyber-attacks
Microsoft prevents Russian cyber-attacks on U.S.,https://static.euronews.com/articles/stories/03/27/93/34/320x212_cmsv2_0d48bb96-7517-5b3a-b080-27c0a89324ad-3279334.jpg,Microsoft prevents Russian cyber-attacks on U.S.,https://www.euronews.com/2018/08/21/microsoft-prevents-russian-cyber-attacks-on-u-s-
What cybersecurity measures should football fans take in Russia?,https://static.euronews.com/articles/stories/03/17/70/02/320x212_cmsv2_0668a7af-a980-5d6a-a667-8fec93b889c7-3177002.jpg,What cybersecurity measures should football fans take in Russia?,https://www.euronews.com/2018/06/09/world-cup-2018-what-cybersecurity-measures-should-fans-take-in-russia-
UK: Fears of Russian cyber revenge for Syria strikes,https://static.euronews.com/articles/stories/03/12/92/68/320x212_cmsv2_35ec4432-9496-5c04-a15c-636d14b76572-3129268.jpg,UK: Fears of Russian cyber revenge for Syria strikes,https://www.euronews.com/2018/04/16/uk-fears-of-russian-cyber-revenge-for-syria-strikes
"Donald Trump meets Vladimir Putin at the G20 summit (July 7, 2017)",https://static.euronews.com/articles/stories/03/06/43/84/320x212_story-a88614e9-1fab-5430-8623-08fd16ed2b09_180075.jpg,Dutch intelligence ‘infiltrated Russian group that hacked US Democratic party’,https://www.euronews.com/2018/01/27/dutch-intelligence-infiltrated-russian-group-that-hacked-us-democratic-party-
Russian president Vladimir Putin,https://static.euronews.com/articles/stories/03/05/62/22/320x212_story-117793b9-c0df-5a24-b31c-eac05a255be7_199468.jpg,After years of 'fake news attacks' across Europe—EU responds,https://www.euronews.com/2018/01/17/after-years-of-fake-news-attacks-across-europe-eu-responds
EU under pressure to bite back in cyber war,https://static.euronews.com/articles/421965/210x136_421965.jpg,EU under pressure to bite back in cyber war,https://www.euronews.com/my-europe/2018/01/09/eu-under-pressure-to-bite-back-in-cyber-war
Tech giants scramble to fend off chip security flaws,https://static.euronews.com/articles/stories/03/04/68/64/210x136_story-721eda30-8dcc-5a98-83f1-25dd0284455a_819788.jpg,Tech giants scramble to fend off chip security flaws,https://www.euronews.com/2018/01/06/tech-giants-scramble-to-fend-off-chip-security-flaws
"What you need to know about the Meltdown, Spectre computer bugs",https://static.euronews.com/articles/stories/03/04/54/46/210x136_story-a5cea15f-e903-5da4-995c-d238140f9704_852772.jpg,"What you need to know about the Meltdown, Spectre computer bugs",https://www.euronews.com/2018/01/04/-serious-security-flaws-found-in-most-computer-chips
UK-Russia: tension over cyber hacking allegations,https://static.euronews.com/articles/stories/03/03/73/82/210x136_story-77ef43eb-b2bc-5273-8f27-c14d84169000_679533.jpg,UK-Russia: tension over cyber hacking allegations,https://www.euronews.com/2017/12/22/uk-russia-tension-over-cyber-hacking-allegations
EU under pressure to bite back in cyber war,https://static.euronews.com/articles/421965/210x136_421965.jpg,EU under pressure to bite back in cyber war,https://www.euronews.com/my-europe/2018/01/09/eu-under-pressure-to-bite-back-in-cyber-war
Wifi weakness exposed by Belgian experts,https://static.euronews.com/articles/394022/320x212_394022.jpg,Wifi weakness exposed by Belgian experts,https://www.euronews.com/2017/10/17/wifi-weakness-exposed-by-belgian-experts
Estonia leads the way in EU digital revolution,https://static.euronews.com/articles/390869/320x212_390869.jpg,Estonia leads the way in EU digital revolution,https://www.euronews.com/2017/09/29/estonia-leads-the-way-in-eu-digital-revolution
The Brief from Brussels: EU steps up cyber crime fight,https://static.euronews.com/articles/388975/320x212_388975.jpg,The Brief from Brussels: EU steps up cyber crime fight,https://www.euronews.com/my-europe/2017/09/19/the-brief-from-brussels-eu-steps-up-cyber-crime-fight
EU gets tough on cyber security,https://static.euronews.com/articles/388888/320x212_388888.jpg,EU gets tough on cyber security,https://www.euronews.com/my-europe/2017/09/19/eu-gets-tough-on-cyber-security
View: Dealing with cyber warfare,https://static.euronews.com/articles/382184/320x212_382184.jpg,View: Dealing with cyber warfare,https://www.euronews.com/2017/08/08/view-dealing-with-cyber-warfare
Global cyber attack hits Australian chocolate factory,https://static.euronews.com/articles/375353/320x212_375353.jpg,Global cyber attack hits Australian chocolate factory,https://www.euronews.com/2017/06/28/global-eternal-blue-cyber-attack-hits-australian-chocolate-factory-wanna-cry
Global cyber attack: who's been hit?,https://static.euronews.com/articles/375269/320x212_375269.jpg,Global cyber attack: who's been hit?,https://www.euronews.com/2017/06/27/global-cyber-attack-whos-been-hit
A wave of cyber attacks strike companies in several countries,https://static.euronews.com/articles/375253/320x212_375253.jpg,A wave of cyber attacks strike companies in several countries,https://www.euronews.com/2017/06/27/a-wave-of-cyber-attacks-strike-companies-in-several-countries-including-uk-the
What is ransomware? Cyber crime terms explained,https://static.euronews.com/articles/367920/320x212_367920.jpg,What is ransomware? Cyber crime terms explained,https://www.euronews.com/2017/05/15/what-is-ransomware-cyber-crime-terms-explained
Global cyberattack holds Britain's NHS and businesses worldwide hostage,https://static.euronews.com/articles/367627/320x212_367627.jpg,Global cyberattack holds Britain's NHS and businesses worldwide hostage,https://www.euronews.com/2017/05/12/global-cyberattack-holds-britain-s-nhs-and-businesses-worldwide-hostage
Germany army launches new cyber command,https://static.euronews.com/articles/362524/320x212_362524.jpg,Germany army launches new cyber command,https://www.euronews.com/2017/04/06/germany-army-launches-new-cyber-command
Germany's Bundeswehr cyber security command ,https://c1.staticflickr.com/3/2841/33717749362_97ff94919e_z.jpg,Germany army launches new cyber command,https://www.euronews.com/2017/04/06/germany-army-launches-new-cyber-command
Conflicts in cyberspace: a normative approach to preventing cyberwars,https://static.euronews.com/articles/360431/320x212_360431.jpg,Conflicts in cyberspace: a normative approach to preventing cyberwars,https://www.euronews.com/2017/03/13/view-conflicts-in-cyberspace-a-normative-approach-to-preventing-cyberwars
Lavrov pours scorn on US intelligence claims of Russian cyber attacks,https://static.euronews.com/articles/355215/320x212_355215.jpg,Lavrov pours scorn on US intelligence claims of Russian cyber attacks,https://www.euronews.com/2017/01/17/lavrov-pours-scorn-on-us-intelligence-claims-of-russian-cyber-attacks
US top spy says Russian cyber attacks a 'major threat',https://static.euronews.com/articles/354167/320x212_354167.jpg,US top spy says Russian cyber attacks a 'major threat',https://www.euronews.com/2017/01/05/us-top-spy-says-russian-cyber-attacks-a-major-threat
Obama orders review into cyber attacks on presidential election,https://static.euronews.com/articles/351993/320x212_351993.jpg,Obama orders review into cyber attacks on presidential election,https://www.euronews.com/2016/12/10/obama-orders-review-into-cyber-attacks-on-presidential-election
Europol 'Operation Avalanche' strikes at global online crime network,https://static.euronews.com/articles/351244/320x212_351244.jpg,Europol 'Operation Avalanche' strikes at global online crime network,https://www.euronews.com/2016/12/01/europol-operation-avalanche-strikes-at-global-online-crime-network
What we know about the Dyn cyber attack,https://static.euronews.com/articles/347482/320x212_347482.jpg,What we know about the Dyn cyber attack,https://www.euronews.com/2016/10/22/what-we-know-about-the-dyn-cyber-attack
Athens conference plans Europe's shield against cyber attacks,https://static.euronews.com/articles/346570/320x212_346570.jpg,Athens conference plans Europe's shield against cyber attacks,https://www.euronews.com/2016/10/13/athens-conference-plans-europe-s-shield-against-cyber-attacks
Russia denies US cyber attacks,https://static.euronews.com/articles/346115/320x212_346115.jpg,Russia denies US cyber attacks,https://www.euronews.com/2016/10/08/russia-denies-us-cyber-attacks
"Russia is employing Cyber warfare to influence presidential election, US claims",https://static.euronews.com/articles/346085/320x212_346085.jpg,"Russia is employing Cyber warfare to influence presidential election, US claims",https://www.euronews.com/2016/10/07/russia-is-employing-cyber-warfare-to-influence-presidential-election-us-claims
NATO braces for cyber war,https://static.euronews.com/articles/343432/320x212_343432.jpg,NATO braces for cyber war,https://www.euronews.com/my-europe/2016/09/08/nato-braces-for-cyber-war
French submarine builder DCNS scuppered by leaks,https://static.euronews.com/articles/342105/320x212_342105.jpg,French submarine builder DCNS scuppered by leaks,https://www.euronews.com/2016/08/24/french-submarine-builder-dcns-scuppered-by-leaks
US: alleged insider trading ring relied on hackers from Ukraine,https://static.euronews.com/articles/311626/320x212_311626.jpg,US: alleged insider trading ring relied on hackers from Ukraine,https://www.euronews.com/2015/08/12/us-alleged-insider-trading-ring-relied-on-hackers-from-ukraine
Tips on countering the internet scammers,https://static.euronews.com/articles/310452/320x212_310452.jpg,Tips on countering the internet scammers,https://www.euronews.com/my-europe/2015/07/22/tips-on-countering-the-internet-scammers
Cyberterrorism: is there a European response?,https://static.euronews.com/articles/304202/320x212_304202.jpg,Cyberterrorism: is there a European response?,https://www.euronews.com/my-europe/2015/04/17/cyberterrorism-is-there-a-european-response
Obama pushes for tougher cyber security laws following hack attacks against Sony and US military,https://static.euronews.com/articles/295458/320x212_295458.jpg,Obama pushes for tougher cyber security laws following hack attacks against Sony and US military,https://www.euronews.com/2015/01/14/obama-pushes-for-tougher-cyber-security-laws-following-hack-attacks-against-
Cyber crime and the threat of virtual terrorism,https://static.euronews.com/articles/184060/210x136_184060.jpg,Cyber crime and the threat of virtual terrorism,https://www.euronews.com/my-europe/2012/05/02/cyber-crime-and-the-threat-of-virtual-terrorism
Europol's Rob Wainwright - how safe are we?,https://static.euronews.com/articles/152699/210x136_152699.jpg,Europol's Rob Wainwright - how safe are we?,https://www.euronews.com/2011/07/06/interview-with-rob-wainwright-of-europol
Cyber crime and the threat of virtual terrorism,https://static.euronews.com/articles/184060/210x136_184060.jpg,Cyber crime and the threat of virtual terrorism,https://www.euronews.com/my-europe/2012/05/02/cyber-crime-and-the-threat-of-virtual-terrorism
